,1,2
0,"[[0.09745853 0.10151509 0.08974347 0.09780225 0.0894705  0.09441359
  0.09411142 0.09348304 0.09051022 0.09149191]
 [0.08778534 0.11136153 0.10499653 0.09609923 0.10347619 0.09622164
  0.09658203 0.09185377 0.09619036 0.08543341]
 [0.08360811 0.09211744 0.09810587 0.09392348 0.09543568 0.09338119
  0.09502112 0.09084204 0.09332936 0.08423571]
 [0.08062956 0.1006966  0.10845041 0.09761915 0.09425268 0.10154472
  0.08531309 0.09511565 0.09536906 0.08100912]
 [0.0862556  0.09735855 0.08724611 0.09272996 0.09928372 0.08828703
  0.09595308 0.08811758 0.0998235  0.08494487]
 [0.08916226 0.08822615 0.09153019 0.08576407 0.09121377 0.10476217
  0.09619611 0.07621524 0.08341235 0.09351772]
 [0.07129332 0.07724889 0.08503148 0.07321793 0.08073118 0.07865936
  0.08332617 0.07548292 0.08197697 0.07303178]
 [0.08133514 0.07171019 0.08310194 0.07292161 0.08064321 0.09088434
  0.08830998 0.07939539 0.07844333 0.08325484]
 [0.06557851 0.06195066 0.0670564  0.06490801 0.07084866 0.06990249
  0.07023928 0.06590857 0.07661866 0.06698876]
 [0.04534067 0.04880174 0.06548855 0.05136401 0.0669222  0.05019192
  0.06048058 0.04881677 0.0574787  0.06511488]]","[[0.09912889 0.09029946 0.09876499 0.09090685 0.08459456 0.08262789
  0.10150771 0.09613457 0.10855061 0.08748456]
 [0.0939609  0.10549187 0.10434838 0.08962124 0.08253134 0.08877917
  0.10116842 0.10226917 0.11181027 0.0900193 ]
 [0.08943512 0.08914672 0.10435029 0.08781448 0.09103158 0.08251768
  0.10761209 0.08863091 0.10620581 0.08325534]
 [0.0913264  0.08258683 0.09695974 0.09292446 0.08398951 0.08179195
  0.09547392 0.09824432 0.10295776 0.08374523]
 [0.08819029 0.08500701 0.09774217 0.08491046 0.09398454 0.0822375
  0.10436232 0.09816965 0.10983004 0.07556606]
 [0.09140049 0.08579531 0.09435214 0.074881   0.0786599  0.09582908
  0.09313808 0.08416489 0.09873037 0.08304873]
 [0.07637455 0.07770696 0.07668045 0.07141462 0.07161778 0.07081696
  0.09120488 0.0875232  0.08948034 0.06718025]
 [0.08309867 0.07960186 0.08532708 0.07373284 0.07101461 0.07844111
  0.08480632 0.08000442 0.09490766 0.07906549]
 [0.06513946 0.06613533 0.06235732 0.06361246 0.06114428 0.06549961
  0.08233684 0.06946564 0.08383393 0.06047518]
 [0.05552025 0.0565799  0.05847244 0.04762711 0.0504995  0.05307554
  0.0592674  0.05942123 0.06363385 0.05590278]]"
1,"[[0.09975828 0.0964042  0.08947875 0.09718519 0.08721066 0.09379565
  0.09626042 0.09242234 0.08893709 0.08854744]
 [0.08487808 0.11229128 0.10393588 0.09943905 0.10134692 0.09571059
  0.0983916  0.08976518 0.09204878 0.08219266]
 [0.0813076  0.08303626 0.10257319 0.09345167 0.09175625 0.08869947
  0.10219537 0.08722057 0.09370901 0.07605066]
 [0.08006696 0.10241226 0.10804939 0.11003711 0.09139503 0.10152639
  0.09050786 0.09383659 0.10628979 0.08587868]
 [0.08419761 0.09137478 0.0917087  0.09239919 0.1021528  0.08691096
  0.10252592 0.08599701 0.10179415 0.08093884]
 [0.08643286 0.08141106 0.09946242 0.08510125 0.08672915 0.10925474
  0.09558992 0.07721733 0.08467749 0.09412378]
 [0.07148527 0.071256   0.08746563 0.07484645 0.07915816 0.0774741
  0.09296809 0.07418194 0.0819506  0.06921376]
 [0.0797617  0.06583435 0.08282185 0.07170531 0.07712315 0.09315163
  0.08838213 0.08931091 0.07912438 0.08278455]
 [0.06464386 0.05767799 0.06603365 0.06408894 0.0705575  0.06983151
  0.07338569 0.06581486 0.08490138 0.06306467]
 [0.04508822 0.04447046 0.06430551 0.04936404 0.06462507 0.05041306
  0.06088687 0.0482526  0.05723127 0.0753629 ]]","[[0.11017022 0.08879393 0.09653639 0.09014022 0.08470354 0.08090192
  0.09879637 0.0945527  0.1083579  0.08704677]
 [0.09329094 0.11854652 0.10290191 0.08978965 0.08301436 0.08708458
  0.09754441 0.09817843 0.11080679 0.08884249]
 [0.09153641 0.08635937 0.10615362 0.08820511 0.09194439 0.0817768
  0.10838921 0.08773667 0.10514151 0.0827568 ]
 [0.09583682 0.08091888 0.09741712 0.09487043 0.08657545 0.08167914
  0.09538291 0.0970715  0.10539529 0.08485255]
 [0.08795164 0.08410691 0.0970109  0.08201057 0.09713237 0.08192176
  0.10376872 0.09422118 0.10751793 0.07435799]
 [0.09007443 0.08319759 0.09491524 0.0742215  0.07906494 0.10604602
  0.09382925 0.09228404 0.09710996 0.08925705]
 [0.07786563 0.07548962 0.07722766 0.07178115 0.07283909 0.06952849
  0.094111   0.0849518  0.08894155 0.06726397]
 [0.07969923 0.0743778  0.0831065  0.0718842  0.06967377 0.07817934
  0.08330441 0.09607846 0.09179497 0.08190134]
 [0.06387506 0.06079688 0.06039161 0.05953614 0.06554507 0.06449242
  0.07981069 0.0705258  0.09468208 0.0603443 ]
 [0.05475874 0.05278981 0.05652864 0.04401071 0.04994985 0.05262242
  0.05691336 0.06075951 0.06087774 0.07078922]]"
2,"[[0.10840793 0.09471106 0.0913786  0.09708765 0.08641627 0.09319354
  0.09895894 0.09232051 0.08925328 0.08827223]
 [0.08187353 0.11819212 0.09951395 0.09434292 0.09564057 0.09334996
  0.0941944  0.08578024 0.08767233 0.07943999]
 [0.08220816 0.08587468 0.1124273  0.09287251 0.09893209 0.09123982
  0.10452669 0.08930645 0.09271546 0.07989693]
 [0.08312327 0.10063893 0.1067957  0.11452217 0.09215089 0.1002565
  0.09056642 0.09287377 0.10461347 0.08445892]
 [0.08236588 0.08920875 0.09510518 0.09068611 0.11235725 0.0852859
  0.10334267 0.08567157 0.09769756 0.07827912]
 [0.08466984 0.07169903 0.08586433 0.08265689 0.08183607 0.12304159
  0.09238283 0.0761461  0.08890694 0.09279642]
 [0.07086553 0.06970403 0.09035407 0.07275485 0.07931116 0.07634172
  0.09730322 0.07369451 0.08056793 0.06910302]
 [0.07944915 0.06506131 0.08192845 0.07191854 0.07928178 0.09366976
  0.08753811 0.0889966  0.07903688 0.08311943]
 [0.06391022 0.05742832 0.06589407 0.06281075 0.07019534 0.06847063
  0.073263   0.06470427 0.09044436 0.06287909]
 [0.04469113 0.04447351 0.06473546 0.04933889 0.06463236 0.05046902
  0.06090786 0.04854565 0.05668407 0.07552207]]","[[0.11731298 0.08637938 0.09548562 0.08972201 0.08370246 0.08018769
  0.10521933 0.09200642 0.1019921  0.08799198]
 [0.09217535 0.13229539 0.1017123  0.08961292 0.08133666 0.08741508
  0.09720449 0.09554747 0.10420203 0.08849831]
 [0.09067702 0.08338438 0.10621352 0.08538478 0.09245484 0.08036865
  0.11530553 0.08525436 0.09753483 0.08342209]
 [0.09459992 0.08083081 0.09071388 0.09602968 0.08306588 0.08023641
  0.10020638 0.09272608 0.09875835 0.08283266]
 [0.08891752 0.08410164 0.09865291 0.08373183 0.1059809  0.08087188
  0.10910616 0.091642   0.10109865 0.07589652]
 [0.08742642 0.08132513 0.09437805 0.07398579 0.07642843 0.12044197
  0.0896477  0.09132048 0.09438901 0.09065696]
 [0.08056875 0.07560585 0.07588782 0.07068598 0.07396965 0.06855875
  0.10218351 0.08241548 0.0813503  0.06877394]
 [0.07465615 0.07387354 0.08282824 0.07137219 0.0685785  0.08405161
  0.07765941 0.10262599 0.08896108 0.08539333]
 [0.0621511  0.06028594 0.06051747 0.0594369  0.06287298 0.06487471
  0.07980523 0.06871884 0.09878982 0.06254703]
 [0.05202981 0.05142938 0.05562515 0.04354535 0.0474529  0.0532961
  0.05127477 0.0591075  0.05724064 0.08899836]]"
3,"[[0.11388258 0.09103718 0.09088631 0.09286611 0.08608143 0.08915348
  0.11184181 0.0898734  0.08683967 0.08753797]
 [0.08602621 0.12375873 0.10033389 0.09819108 0.10320129 0.09318312
  0.09664276 0.08620835 0.09134947 0.08110522]
 [0.08099092 0.08317395 0.11070974 0.08842741 0.10205173 0.08711031
  0.1199063  0.08822237 0.08990249 0.07950474]
 [0.08341195 0.09921762 0.10438033 0.12044403 0.09191725 0.09871823
  0.09192725 0.09252919 0.09284221 0.07461192]
 [0.08058296 0.0778417  0.09389582 0.0867497  0.11855058 0.08145967
  0.11473775 0.08258429 0.09580707 0.07779042]
 [0.08555018 0.08084512 0.08740071 0.08273564 0.08368178 0.1232244
  0.0952552  0.07797889 0.08749491 0.09583312]
 [0.07102298 0.06670007 0.08905605 0.07066135 0.08083259 0.0725824
  0.11013136 0.07200605 0.07862319 0.06838394]
 [0.07801707 0.06102305 0.08062904 0.06838827 0.0772808  0.0910207
  0.08867604 0.10079514 0.07904968 0.08512018]
 [0.06400406 0.05423018 0.06547246 0.06059656 0.06896035 0.06544967
  0.07815066 0.06171698 0.09817912 0.06323999]
 [0.04365298 0.04081601 0.06429923 0.04735538 0.06484411 0.047955
  0.06070896 0.04769505 0.05486375 0.08780953]]","[[0.12655191 0.08738063 0.09490806 0.0893461  0.08375873 0.07907612
  0.10615384 0.08516768 0.10033195 0.08732492]
 [0.09035906 0.15348092 0.10019735 0.08753072 0.0790718  0.08512532
  0.09718771 0.08825152 0.10064472 0.08815083]
 [0.09075597 0.08193165 0.10731568 0.08437664 0.0971764  0.07963155
  0.11673781 0.08262379 0.09625871 0.0831918 ]
 [0.09657043 0.08592864 0.09648195 0.10142682 0.08328973 0.08135863
  0.10316025 0.0869746  0.0994999  0.08530907]
 [0.08665393 0.08191446 0.09774498 0.08431502 0.11459217 0.08058228
  0.11625275 0.0815314  0.09970072 0.07671236]
 [0.08581928 0.07766079 0.09219091 0.07151092 0.07227113 0.13450512
  0.08769307 0.08650057 0.0915198  0.09032843]
 [0.08344585 0.07452339 0.07552683 0.07032938 0.07669434 0.06832098
  0.10860883 0.07406741 0.08083714 0.06764581]
 [0.0745638  0.07391066 0.08134078 0.06990806 0.06496892 0.09084901
  0.07635125 0.10315261 0.08727468 0.0876803 ]
 [0.0618508  0.059133   0.05886031 0.05835021 0.06042019 0.06368046
  0.07966914 0.06149535 0.11577858 0.06076191]
 [0.05131252 0.05077057 0.05404044 0.04116774 0.04478066 0.05276522
  0.05112524 0.05199945 0.05483525 0.1072029 ]]"
4,"[[0.11290803 0.08696465 0.08830795 0.08454153 0.0841888  0.08771291
  0.12161429 0.08794151 0.08468671 0.0811336 ]
 [0.08469241 0.13968295 0.10298668 0.09471351 0.10353177 0.09331047
  0.09550814 0.08555808 0.09066288 0.07935324]
 [0.07846642 0.08131798 0.11545334 0.08123785 0.10337364 0.08726148
  0.13054414 0.085897   0.08921666 0.07723144]
 [0.08116046 0.10116641 0.10255557 0.12173837 0.09320381 0.08989579
  0.09426732 0.09030946 0.09282195 0.07288083]
 [0.07909047 0.08285791 0.0919594  0.07915056 0.12075922 0.08108203
  0.12578534 0.07776444 0.09456723 0.07698339]
 [0.08244362 0.07769653 0.09646367 0.07714877 0.07999954 0.13067114
  0.09203252 0.08679455 0.09111342 0.09563624]
 [0.06772485 0.06585205 0.08909038 0.0646091  0.08307606 0.07232036
  0.12311595 0.07044219 0.07805474 0.06571434]
 [0.07642458 0.05805254 0.08018309 0.06349297 0.07545113 0.09186298
  0.08678766 0.10746775 0.07675266 0.08352467]
 [0.06195351 0.05054284 0.06458919 0.05424866 0.06894524 0.0649314
  0.07845785 0.05957159 0.11476241 0.06199722]
 [0.04201873 0.03901201 0.06296027 0.03873529 0.06454966 0.04768262
  0.05661746 0.04657776 0.05333618 0.10851005]]","[[0.12621671 0.08560862 0.09439089 0.09505592 0.08315282 0.07854655
  0.10752178 0.08343155 0.10085669 0.08521849]
 [0.085131   0.17038722 0.09828869 0.09064313 0.07961113 0.08258744
  0.09525981 0.08421674 0.0982808  0.08559405]
 [0.08421019 0.08489377 0.1138678  0.08652414 0.10043164 0.07752756
  0.11361848 0.08045803 0.09708544 0.08138296]
 [0.08947104 0.09021381 0.09251485 0.11246065 0.08288653 0.07687566
  0.10107201 0.08364099 0.09767594 0.08318858]
 [0.081321   0.08543001 0.09894603 0.08480882 0.12099569 0.07754265
  0.11571311 0.07861759 0.0997014  0.07692368]
 [0.0816791  0.07961578 0.08599432 0.07200123 0.07162482 0.14691746
  0.08546147 0.08299726 0.09287937 0.09082916]
 [0.07849195 0.07685506 0.07487434 0.07144    0.07784136 0.06648834
  0.11317243 0.07258423 0.08013753 0.06811473]
 [0.07243347 0.07449112 0.07976747 0.07064466 0.06465447 0.09033506
  0.07569361 0.11151069 0.08437736 0.08609213]
 [0.05550301 0.05818578 0.05743114 0.05796559 0.05799504 0.06199971
  0.07862901 0.05844681 0.13483213 0.05901181]
 [0.04357317 0.04783008 0.05142596 0.04054682 0.04283602 0.05215288
  0.04404968 0.04984642 0.05183696 0.12590203]]"
5,"[[0.12061569 0.08862648 0.08669992 0.08761109 0.08620542 0.08386031
  0.11994581 0.08290307 0.08100668 0.08252547]
 [0.08165209 0.15331449 0.09641425 0.09332643 0.10447084 0.08951496
  0.09428307 0.08295162 0.08691185 0.07716045]
 [0.07791933 0.07937743 0.12141232 0.07751992 0.11289106 0.08631
  0.13014835 0.08370215 0.08505648 0.07566288]
 [0.08088657 0.09913088 0.10176149 0.13208017 0.09431886 0.09690236
  0.09439389 0.08765545 0.0908602  0.0720101 ]
 [0.07772864 0.08220382 0.09244117 0.07650325 0.13953455 0.07977884
  0.12695022 0.07979673 0.0898816  0.07518122]
 [0.08321172 0.07856011 0.08673403 0.07670878 0.08155021 0.13685468
  0.09238388 0.07797358 0.08957528 0.09644774]
 [0.06867439 0.06577539 0.08863081 0.06439056 0.08263163 0.07240725
  0.12371019 0.07015025 0.07799517 0.0656343 ]
 [0.07703848 0.05889434 0.07962288 0.06381483 0.07662462 0.0942357
  0.08710254 0.10808925 0.07777841 0.08679897]
 [0.06230951 0.05138192 0.06448087 0.0547447  0.06882144 0.06481853
  0.077672   0.05935181 0.1153152  0.06110405]
 [0.04185723 0.03944571 0.0543703  0.03909669 0.06270977 0.0474777
  0.05636641 0.04622344 0.05364573 0.10880701]]","[[0.1406446  0.08720825 0.09486582 0.09204595 0.07891689 0.07591231
  0.10412563 0.08283993 0.1001259  0.08331469]
 [0.08734135 0.1797295  0.09795301 0.09091505 0.07350951 0.08132607
  0.09274394 0.08459407 0.09841424 0.08347341]
 [0.08580776 0.08573151 0.12519358 0.08477966 0.10403249 0.07648097
  0.11292537 0.07954499 0.09602056 0.0794831 ]
 [0.0938839  0.09295195 0.09493312 0.1197409  0.07994086 0.07563694
  0.09718404 0.0829735  0.10130379 0.08145109]
 [0.08156576 0.08561196 0.10461328 0.08388223 0.12792099 0.07564402
  0.11009583 0.07787174 0.09936398 0.0734302 ]
 [0.08162539 0.07994089 0.0892528  0.07099047 0.06801832 0.1541599
  0.08318445 0.08747523 0.0941439  0.09120865]
 [0.0784082  0.07609791 0.07592743 0.07091217 0.07712667 0.06578054
  0.11390564 0.07194096 0.08302341 0.06687709]
 [0.0696235  0.07276331 0.07595857 0.06915036 0.05842631 0.08663297
  0.07145818 0.1260337  0.08425646 0.08569667]
 [0.05328935 0.05730599 0.06543304 0.05710698 0.05240669 0.05908854
  0.07361807 0.05796736 0.14646086 0.05732314]
 [0.0423293  0.04913171 0.04886218 0.04010936 0.03742876 0.05130184
  0.04388193 0.04859461 0.05188346 0.14647682]]"
6,"[[0.12686901 0.08821338 0.09086189 0.08923657 0.08753419 0.08448632
  0.11923034 0.08563893 0.08389059 0.08403883]
 [0.07775254 0.17101127 0.0941245  0.09171388 0.09776161 0.08520503
  0.08704641 0.08212581 0.08701318 0.07624583]
 [0.07370725 0.07692727 0.13030681 0.07428748 0.11519064 0.08280747
  0.12446789 0.08278    0.08499428 0.07453094]
 [0.07926759 0.10007279 0.09654015 0.13927501 0.09609673 0.09357281
  0.08626124 0.08815918 0.0998663  0.08088821]
 [0.07341362 0.07107056 0.09568023 0.07316958 0.15081146 0.0762444
  0.11928937 0.07663535 0.08952772 0.07415773]
 [0.07940552 0.07492384 0.09198485 0.07033881 0.07950541 0.14918017
  0.08511381 0.08725277 0.08756702 0.09472776]
 [0.06787577 0.06544152 0.09164977 0.062736   0.0868451  0.07008819
  0.12264589 0.06927303 0.07896616 0.06447854]
 [0.0737256  0.05591873 0.0787022  0.06024952 0.07627033 0.09666505
  0.08084793 0.12305231 0.07748131 0.08708701]
 [0.05817264 0.04950421 0.06423663 0.05176727 0.06876108 0.06316217
  0.07329243 0.06257679 0.12724872 0.06127806]
 [0.04098904 0.0371733  0.06044204 0.03709309 0.06240082 0.04814044
  0.05064929 0.04666582 0.05350391 0.12294225]]","[[0.14959078 0.08464635 0.09378897 0.08656349 0.07866534 0.07267901
  0.1093392  0.08066599 0.10103549 0.08302536]
 [0.08143583 0.19439222 0.0924366  0.08957502 0.07180827 0.07887139
  0.09085134 0.0805109  0.09746224 0.08265611]
 [0.08533058 0.08411659 0.12856318 0.08195318 0.10514346 0.07535642
  0.11579567 0.07799707 0.09673347 0.07901043]
 [0.09119882 0.09247789 0.08798959 0.12315876 0.0765462  0.07309749
  0.097368   0.07992499 0.10160328 0.076635  ]
 [0.0797013  0.0836013  0.10338757 0.07725306 0.1361107  0.07396272
  0.11595944 0.07733966 0.09909245 0.07359182]
 [0.07725796 0.07845733 0.08630183 0.06622843 0.06594002 0.16828585
  0.08210581 0.08997574 0.09523761 0.09020934]
 [0.0778755  0.07505817 0.07445337 0.06566864 0.07874078 0.06439291
  0.12333111 0.07002667 0.08365586 0.066797  ]
 [0.06581714 0.07243141 0.07557011 0.06547642 0.05759609 0.09034614
  0.07094592 0.14164133 0.08346043 0.08671502]
 [0.05045401 0.05661122 0.06355078 0.05053301 0.05129371 0.05899508
  0.07238698 0.05554591 0.16399916 0.05663016]
 [0.03906251 0.04816195 0.0460794  0.03548752 0.0366296  0.0510384
  0.04283709 0.05102103 0.05197953 0.15770291]]"
7,"[[0.13566908 0.08863698 0.08990524 0.08863395 0.08620093 0.08034153
  0.12049384 0.08291112 0.08608577 0.08112155]
 [0.07851503 0.18644974 0.09261723 0.09073734 0.1020171  0.08161357
  0.08623666 0.0806115  0.08703868 0.07416315]
 [0.07305811 0.07737075 0.13753061 0.07427535 0.12105129 0.0808429
  0.12459483 0.08220452 0.08626077 0.07281086]
 [0.07719558 0.10675561 0.09808732 0.14159797 0.0965012  0.09101894
  0.08905564 0.08723798 0.10186426 0.08068544]
 [0.07156008 0.081573   0.09848105 0.07334734 0.16208676 0.07170186
  0.11975994 0.07632791 0.09341195 0.07175009]
 [0.07671814 0.06264016 0.08228385 0.07182176 0.07752289 0.15986472
  0.08294382 0.07880766 0.0895289  0.09786804]
 [0.06658502 0.06336829 0.09145379 0.06062984 0.08968165 0.06534556
  0.12312251 0.06673185 0.08089942 0.06218205]
 [0.07046071 0.05430232 0.07806715 0.05995427 0.07573399 0.09818792
  0.07651415 0.13033037 0.0781747  0.08827446]
 [0.05529996 0.04829191 0.06178035 0.05124397 0.06855922 0.05986839
  0.07170095 0.0609564  0.14367701 0.05862179]
 [0.0374199  0.03505241 0.06053072 0.03616611 0.06164472 0.04416806
  0.04684402 0.04641045 0.05411774 0.13764587]]","[[0.15947269 0.08472593 0.0909437  0.08579146 0.0784816  0.0722573
  0.1124432  0.07883057 0.10238068 0.07467286]
 [0.08141413 0.21102157 0.09193284 0.08858466 0.07169619 0.07795448
  0.08893135 0.07571185 0.09717848 0.07557444]
 [0.08435621 0.08259267 0.13184184 0.08050217 0.10377894 0.07386733
  0.12604071 0.07578394 0.09967644 0.07155982]
 [0.09064115 0.09028142 0.08747195 0.13163711 0.07709664 0.07244346
  0.09774974 0.07705221 0.10327534 0.07235102]
 [0.08038145 0.08254147 0.10303006 0.07599307 0.13617459 0.07272452
  0.12483536 0.07568188 0.0998915  0.06874608]
 [0.07663008 0.07613044 0.08311226 0.0647594  0.06532304 0.18082184
  0.07999649 0.08852328 0.09825978 0.08644339]
 [0.07767427 0.07369036 0.07462171 0.06495254 0.07814102 0.0632716
  0.13649078 0.06744739 0.08409498 0.05961534]
 [0.06345836 0.06954043 0.07108785 0.06322264 0.05716589 0.09283362
  0.06837144 0.1577148  0.08529666 0.08130836]
 [0.04822736 0.05204794 0.05981977 0.0482294  0.04998791 0.05761022
  0.06916339 0.05167188 0.18503198 0.04821013]
 [0.03851226 0.04697006 0.04417064 0.03320865 0.03688246 0.05190096
  0.04181356 0.05171248 0.05226962 0.16255929]]"
8,"[[0.15252098 0.08169146 0.09082616 0.08743449 0.08537691 0.07770756
  0.1185285  0.08143789 0.08655389 0.07792222]
 [0.07719979 0.20562467 0.09137711 0.09413073 0.10016847 0.0753827
  0.08544625 0.07442556 0.08661042 0.06963424]
 [0.07252123 0.06786989 0.148452   0.07304692 0.12041174 0.07602695
  0.12294633 0.07991464 0.08631696 0.07249338]
 [0.07663425 0.09782988 0.09821569 0.1474342  0.0956581  0.07719925
  0.08808273 0.08663845 0.09194599 0.07036144]
 [0.07168118 0.08102503 0.09827057 0.07337742 0.15832967 0.07112384
  0.11846294 0.0735724  0.09369285 0.0704642 ]
 [0.07654377 0.07242123 0.08226722 0.07211677 0.07760794 0.15964785
  0.08319233 0.07851584 0.08980574 0.09788138]
 [0.06709065 0.06428669 0.09340923 0.0624643  0.08975571 0.06655209
  0.12458781 0.06757736 0.08168207 0.06259414]
 [0.07026681 0.05366667 0.07774651 0.0595495  0.07544802 0.10133557
  0.0761492  0.12899171 0.07784472 0.08900132]
 [0.05587915 0.04819702 0.06261036 0.05078392 0.06730253 0.05943147
  0.07259833 0.06126886 0.14365357 0.05827475]
 [0.03741648 0.03511155 0.06025222 0.03577584 0.06129507 0.0446206
  0.04675888 0.04628486 0.05425791 0.1382266 ]]","[[0.16810983 0.07906757 0.08878214 0.08802029 0.07940087 0.06887712
  0.11043896 0.07565206 0.09887969 0.0727714 ]
 [0.07602723 0.22339419 0.09003687 0.09018952 0.07144269 0.07529769
  0.08708667 0.07659411 0.09655517 0.07337578]
 [0.08042185 0.07748318 0.13506861 0.0794233  0.10969085 0.07102727
  0.12491619 0.07454661 0.09762973 0.06979246]
 [0.08969671 0.09012716 0.08677407 0.1445002  0.07880425 0.07093553
  0.09656236 0.07678099 0.1044667  0.07135202]
 [0.07676859 0.07896538 0.10287657 0.07833661 0.14438629 0.06918058
  0.12818089 0.07536892 0.09818217 0.06775402]
 [0.06929727 0.07131591 0.07178424 0.06245994 0.06191303 0.19706343
  0.07552805 0.08595961 0.09532624 0.07935228]
 [0.07718414 0.07328949 0.07219308 0.0642749  0.08293086 0.06061243
  0.1405029  0.06688511 0.08337107 0.05875603]
 [0.06414065 0.06889715 0.07149047 0.06303982 0.0570494  0.09210331
  0.068493   0.15756893 0.08552944 0.08168787]
 [0.04970188 0.05336328 0.06149641 0.04845778 0.05085709 0.05816418
  0.07098647 0.05330319 0.18489136 0.04877836]
 [0.03844145 0.04700133 0.04435418 0.03306521 0.03706905 0.05222508
  0.0417061  0.05183466 0.05228879 0.16201413]]"
9,"[[0.15927528 0.07941159 0.08669339 0.08822077 0.08544277 0.0759249
  0.12276551 0.08024162 0.08491696 0.07710712]
 [0.07411392 0.20502454 0.08700074 0.09971105 0.09641451 0.07230823
  0.08463702 0.07668123 0.08520252 0.06890625]
 [0.07311572 0.06608777 0.1495234  0.07150148 0.12534933 0.07777033
  0.1265973  0.08008057 0.08746754 0.07250655]
 [0.0759698  0.08577082 0.08479123 0.16327876 0.09479196 0.0753885
  0.08651256 0.07470115 0.09002744 0.06876779]
 [0.07071728 0.07505789 0.0929466  0.07374489 0.18103592 0.06988666
  0.11966147 0.07490031 0.09236255 0.06968644]
 [0.0764081  0.07107586 0.0776407  0.07144256 0.07824457 0.17499712
  0.08294738 0.07938774 0.09046694 0.09738907]
 [0.06838487 0.05911684 0.09029299 0.06435971 0.09590717 0.06453365
  0.1279751  0.06654499 0.08166216 0.06122255]
 [0.06839554 0.049817   0.07141266 0.05951037 0.0745995  0.10107113
  0.07514409 0.1442796  0.07824192 0.0875282 ]
 [0.05541598 0.04156048 0.05592774 0.05148483 0.06911299 0.05984915
  0.07090146 0.05980039 0.15860726 0.05733969]
 [0.03751222 0.03105716 0.05332998 0.03468181 0.05992075 0.04315732
  0.04606201 0.04625966 0.05262502 0.15539405]]","[[0.18191732 0.07808334 0.09031082 0.08593659 0.07925493 0.06693467
  0.10342273 0.07426929 0.09779572 0.07207456]
 [0.07606149 0.24191885 0.09038442 0.09286281 0.07405367 0.07533694
  0.07683715 0.07508484 0.09386321 0.07359664]
 [0.07975581 0.07796928 0.15168263 0.07743394 0.11618707 0.07176376
  0.11633012 0.07444656 0.09564473 0.06878607]
 [0.08942114 0.08928528 0.08564802 0.15516132 0.08194856 0.06907301
  0.08438808 0.07482205 0.10045958 0.06979293]
 [0.07592411 0.07770804 0.11086134 0.0784708  0.15209672 0.06874427
  0.11578453 0.07496085 0.09828411 0.06716523]
 [0.06847304 0.07159867 0.07510852 0.06292362 0.06184729 0.2164552
  0.06792269 0.08589321 0.09408221 0.08569547]
 [0.07752419 0.07232733 0.08320972 0.06303628 0.08671128 0.05952612
  0.13107452 0.06605897 0.0824815  0.05805009]
 [0.06008334 0.06834319 0.07104184 0.06202962 0.05666208 0.09461842
  0.0577452  0.17136014 0.0842543  0.08386198]
 [0.04790277 0.05215212 0.0613476  0.04877158 0.05129373 0.0581051
  0.05891319 0.05319157 0.19899271 0.04932959]
 [0.03776605 0.04709576 0.04377869 0.03284491 0.03710866 0.0554001
  0.03364709 0.05142812 0.0510266  0.16990404]]"
10,"[[0.17076528 0.07928362 0.08464926 0.08794567 0.08019587 0.07516131
  0.12321865 0.07642777 0.08515102 0.07720152]
 [0.07463516 0.22178738 0.08582473 0.10513335 0.09340018 0.07234997
  0.08423007 0.07169154 0.08159274 0.06935492]
 [0.07207396 0.0665769  0.15472281 0.07093202 0.12047581 0.07568479
  0.13328332 0.07647191 0.0875602  0.07221831]
 [0.08159263 0.09894808 0.09537842 0.16942765 0.08891755 0.08550809
  0.09026772 0.07949528 0.10132036 0.07914419]
 [0.07054926 0.07468165 0.0982351  0.07376759 0.17603157 0.06855719
  0.12732309 0.0702275  0.08970881 0.0709183 ]
 [0.07509287 0.05941549 0.0774793  0.06985922 0.07278118 0.18294157
  0.08154757 0.0780922  0.08795165 0.09483896]
 [0.07046212 0.0594393  0.0914949  0.06383337 0.09039195 0.06345184
  0.13597201 0.0617766  0.08213425 0.06104364]
 [0.06857437 0.0487745  0.07032384 0.05733553 0.06866663 0.10118651
  0.07461397 0.15514554 0.07670754 0.08867157]
 [0.05529704 0.04081382 0.05567615 0.05098664 0.06609396 0.05937343
  0.07179131 0.0583228  0.16393586 0.05770903]
 [0.03728633 0.03073703 0.05270762 0.03452811 0.05736296 0.0430415
  0.04687229 0.04446885 0.0525953  0.1604    ]]","[[0.18713227 0.07402828 0.09277416 0.08590412 0.08176881 0.06361603
  0.10699292 0.07621747 0.09867086 0.07289511]
 [0.0762304  0.25132096 0.08843408 0.09347517 0.07579403 0.06882498
  0.07453261 0.07527331 0.09357075 0.07254378]
 [0.07991603 0.07228623 0.1491364  0.07479838 0.12284923 0.06269171
  0.11687595 0.07034744 0.09364238 0.06745617]
 [0.08954706 0.08645425 0.08362129 0.15881152 0.08751589 0.063393
  0.08388688 0.07560457 0.10134836 0.06981714]
 [0.07474628 0.07634395 0.10969926 0.07683781 0.16191965 0.06173043
  0.11873659 0.07482699 0.09752867 0.06763043]
 [0.06924589 0.06909065 0.07673864 0.06172144 0.06365644 0.22151804
  0.0676415  0.08894914 0.09449367 0.08694456]
 [0.07766395 0.0691144  0.08162101 0.06201213 0.09227763 0.05427272
  0.13588583 0.06614392 0.0830177  0.0579907 ]
 [0.05955713 0.06435089 0.06864515 0.05947881 0.05560029 0.08781936
  0.05708265 0.180193   0.08386847 0.08340419]
 [0.04836918 0.04914533 0.06108037 0.04731357 0.05537906 0.05147362
  0.05845634 0.05291376 0.20715211 0.04871665]
 [0.03762267 0.04078187 0.0420614  0.03037506 0.03890289 0.05111582
  0.03325024 0.05146292 0.05044455 0.18398255]]"
11,"[[0.17891176 0.07818171 0.07843232 0.08596266 0.07922901 0.07426949
  0.12936734 0.0742887  0.08535562 0.0760015 ]
 [0.07943104 0.22983815 0.07885111 0.10687879 0.09162076 0.07330006
  0.08463898 0.07133319 0.08474813 0.06935977]
 [0.07199258 0.06316423 0.15582268 0.07109779 0.1205164  0.07613389
  0.13842934 0.07454262 0.08738145 0.07091906]
 [0.08378474 0.09812103 0.08711967 0.17623164 0.08829649 0.08477797
  0.09318964 0.07948473 0.08999103 0.06900299]
 [0.0702583  0.07214485 0.09446276 0.07298546 0.17852655 0.06851449
  0.131968   0.06937245 0.09138303 0.07038417]
 [0.07498825 0.0669518  0.07299278 0.06756274 0.07178052 0.19571061
  0.07958153 0.07933908 0.08646376 0.09462897]
 [0.07086384 0.05690712 0.08807938 0.06462676 0.08987642 0.06299623
  0.14455259 0.06058669 0.08130956 0.06020143]
 [0.06804469 0.04826234 0.06720957 0.05550398 0.06799153 0.10048519
  0.07355578 0.16158003 0.07683038 0.09053653]
 [0.05486969 0.04031641 0.0541774  0.04943784 0.0664259  0.0590749
  0.07111251 0.05745244 0.17019992 0.05693304]
 [0.03682737 0.03005892 0.05071155 0.03342698 0.05647656 0.04390119
  0.04432486 0.04428583 0.0526569  0.16732986]]","[[0.20082547 0.07282793 0.09414985 0.08260605 0.08015513 0.06161666
  0.1079309  0.07556014 0.0935748  0.07075308]
 [0.07491067 0.26790562 0.08722168 0.09177403 0.0736202  0.06771357
  0.0749549  0.07530775 0.0860393  0.07055227]
 [0.07986248 0.07423247 0.164112   0.07474932 0.12515213 0.0645216
  0.11741459 0.07321481 0.09060469 0.06613585]
 [0.09166915 0.08898301 0.0833648  0.16725644 0.08545552 0.0634682
  0.08547625 0.07632513 0.09865002 0.06935146]
 [0.07478307 0.07555646 0.11796216 0.07133078 0.17127547 0.0616137
  0.11533713 0.07425622 0.09215891 0.0657261 ]
 [0.06795598 0.06798974 0.07548068 0.05926813 0.05907309 0.2403411
  0.06501827 0.09022846 0.09117895 0.08346557]
 [0.07961503 0.06886185 0.08639523 0.05921325 0.09045658 0.05424774
  0.1400048  0.06593176 0.07924977 0.05602399]
 [0.05895024 0.06431162 0.06767214 0.05859755 0.05448882 0.09194816
  0.05390895 0.19685788 0.08041054 0.08285409]
 [0.04701021 0.04761201 0.06108668 0.04504748 0.05166672 0.0506357
  0.05578666 0.0532382  0.22296137 0.04495502]
 [0.03657524 0.03982046 0.04139002 0.03000615 0.03663488 0.05087698
  0.03075166 0.05204238 0.04553321 0.19636904]]"
12,"[[0.18778892 0.07742506 0.07596315 0.07993216 0.07898848 0.07159846
  0.13079298 0.07396089 0.08213526 0.07141459]
 [0.07461065 0.24897216 0.08005727 0.10156655 0.09378821 0.06999119
  0.08437944 0.06943685 0.0809789  0.06621888]
 [0.07056179 0.06142496 0.1619502  0.06637986 0.1264336  0.07427914
  0.14428718 0.0722056  0.0837042  0.06877346]
 [0.08183609 0.09833737 0.08883496 0.17724319 0.09122702 0.08295399
  0.09652549 0.07789141 0.09828824 0.07686225]
 [0.06844261 0.07113589 0.09497067 0.06775057 0.19194835 0.06580481
  0.12674259 0.0668765  0.088147   0.06818096]
 [0.0719441  0.053792   0.07232274 0.06104089 0.06904686 0.21239164
  0.08034059 0.07874805 0.08664713 0.09372596]
 [0.07107639 0.05586059 0.0894069  0.06021214 0.09305184 0.0613647
  0.15132174 0.0587713  0.07997498 0.05895943]
 [0.06546868 0.04675699 0.06666225 0.04784315 0.06680781 0.10372662
  0.07399008 0.17378086 0.07627171 0.08869186]
 [0.0534477  0.03955308 0.05318769 0.04552218 0.06493374 0.05839142
  0.07200269 0.05506859 0.18276632 0.0551266 ]
 [0.03694789 0.02990804 0.05035249 0.03323016 0.05647259 0.04187702
  0.04406473 0.04476484 0.05257254 0.16980967]]","[[0.21053319 0.07306501 0.09550004 0.07996298 0.07832545 0.06107455
  0.11153555 0.06995868 0.09182243 0.06822212]
 [0.0747968  0.2861037  0.08533958 0.08503838 0.07130831 0.06488951
  0.07194947 0.0721431  0.08209154 0.06633955]
 [0.07927989 0.07424741 0.17900398 0.06760645 0.12578994 0.06380156
  0.11860026 0.07034881 0.088241   0.06308068]
 [0.09051166 0.08994927 0.08671764 0.17275465 0.0880677  0.05849431
  0.08429336 0.07141471 0.09409397 0.06370272]
 [0.07135586 0.07623892 0.12614664 0.06609009 0.17567092 0.06050838
  0.12210932 0.07093374 0.08995281 0.06099336]
 [0.06539356 0.06582835 0.06952856 0.05503485 0.05750243 0.25652134
  0.06306222 0.09065084 0.08762625 0.07885158]
 [0.08032287 0.06900287 0.09085523 0.05572682 0.09146836 0.05261396
  0.14896627 0.06305008 0.07635705 0.0516365 ]
 [0.05626303 0.06342432 0.0649265  0.05371951 0.05355279 0.09241509
  0.0523995  0.21517654 0.07818587 0.07993689]
 [0.04632267 0.04796128 0.06187635 0.04204597 0.05273305 0.0509375
  0.05526067 0.05094115 0.22748217 0.04443926]
 [0.03675408 0.04007539 0.04113751 0.02992617 0.03626763 0.05180962
  0.03046858 0.05253849 0.04571506 0.19530746]]"
13,"[[0.20642027 0.07620101 0.07674787 0.08049805 0.07652882 0.07201453
  0.12940674 0.07090196 0.08088864 0.07039213]
 [0.07097495 0.26581958 0.076828   0.09451577 0.08990574 0.0689976
  0.08318805 0.06751335 0.07734525 0.06491175]
 [0.06834731 0.05918889 0.16578837 0.06346077 0.12430967 0.07274313
  0.14306875 0.06803295 0.081221   0.0638391 ]
 [0.08162298 0.09369312 0.08734009 0.18452905 0.09253045 0.07128444
  0.09176008 0.07547402 0.08589974 0.065866  ]
 [0.06377234 0.07047755 0.09508637 0.06809622 0.20578828 0.06585354
  0.12682906 0.06332314 0.08363391 0.06713959]
 [0.06651367 0.0623585  0.08174361 0.05949222 0.0674797  0.22455913
  0.07676337 0.09368394 0.08483852 0.09256737]
 [0.07346471 0.05270806 0.0910679  0.05909233 0.0954238  0.05863445
  0.15219687 0.05559347 0.07592774 0.05589065]
 [0.05667434 0.04527766 0.06538184 0.04695867 0.06580009 0.10258967
  0.07075182 0.19546789 0.07410254 0.0869955 ]
 [0.05345273 0.03918162 0.05295163 0.04508284 0.0632306  0.05701203
  0.0683445  0.05422908 0.18202078 0.05449418]
 [0.03662732 0.02983892 0.04986369 0.0328     0.05757542 0.04291723
  0.04575002 0.04444518 0.05277853 0.16740371]]","[[0.22457582 0.07012353 0.09760895 0.07903457 0.07046378 0.05901422
  0.11237953 0.06946428 0.09059875 0.06673659]
 [0.06935835 0.30446762 0.08631542 0.08788516 0.06707173 0.06497346
  0.07340369 0.07268366 0.07992072 0.06392024]
 [0.07295799 0.07065421 0.1878682  0.06694689 0.12354441 0.06101297
  0.12177218 0.06995323 0.08454318 0.0607467 ]
 [0.09041279 0.0914951  0.08703096 0.18852031 0.08075528 0.06149873
  0.0870242  0.07282174 0.09426123 0.06617967]
 [0.06752753 0.07143763 0.13047813 0.0654583  0.17850022 0.05795921
  0.12442484 0.06895996 0.08691587 0.05833828]
 [0.06397199 0.06406512 0.07317737 0.05454048 0.05402523 0.2706259
  0.06133904 0.09137463 0.08632568 0.08055452]
 [0.07952062 0.06686428 0.09548888 0.05497127 0.08810908 0.05116201
  0.15354419 0.06328893 0.0757561  0.05129462]
 [0.05442536 0.06007676 0.06387626 0.05060453 0.04814218 0.09591477
  0.0498179  0.22997203 0.07644234 0.08072793]
 [0.04638144 0.0449756  0.06268012 0.03902683 0.04614038 0.05174509
  0.05479375 0.05159297 0.24053831 0.04212548]
 [0.03403775 0.03626366 0.04041364 0.02684723 0.02747272 0.04827157
  0.02934714 0.05201256 0.0421296  0.2132041 ]]"
14,"[[0.22107844 0.07552202 0.07551154 0.0811182  0.0779571  0.07111534
  0.12913743 0.06277559 0.07873825 0.06704608]
 [0.07017426 0.2805212  0.07572067 0.10375536 0.09246951 0.06823988
  0.08131281 0.05931534 0.07582829 0.0626627 ]
 [0.06844712 0.0605425  0.17078671 0.06422323 0.13910139 0.07219315
  0.14543904 0.06274436 0.08090387 0.0656186 ]
 [0.08321431 0.09499849 0.08445469 0.19520652 0.09233833 0.07253848
  0.09687357 0.07209322 0.08424743 0.06403493]
 [0.06381215 0.06971518 0.09391512 0.06812976 0.2230002  0.06406163
  0.13583487 0.0555667  0.08217202 0.0637924 ]
 [0.06777325 0.06286389 0.07041731 0.05928672 0.06787466 0.23437904
  0.07715033 0.08267969 0.08560675 0.09196834]
 [0.07806593 0.05286302 0.08966334 0.0587205  0.10023937 0.05843459
  0.15596528 0.04894481 0.07393345 0.05316978]
 [0.05621208 0.04295857 0.06472127 0.04679711 0.06471249 0.0975041
  0.06932692 0.20158115 0.07174634 0.08443993]
 [0.05213898 0.03706363 0.05038779 0.04411454 0.06618807 0.05563835
  0.06755719 0.04863879 0.19693029 0.05134238]
 [0.03576369 0.02919417 0.048674   0.03210038 0.05620581 0.04331318
  0.04391698 0.040934   0.05129683 0.17860094]]","[[0.23916042 0.06169007 0.09546269 0.07607727 0.0693873  0.05836772
  0.11033243 0.06697854 0.08798399 0.06455944]
 [0.06817987 0.31572986 0.08150151 0.0874129  0.06680007 0.06232957
  0.07208784 0.06544659 0.07857309 0.0619387 ]
 [0.07482304 0.0636207  0.20017706 0.06391556 0.12253459 0.05980747
  0.12019784 0.06445222 0.08214425 0.05832723]
 [0.09482899 0.0823465  0.08368154 0.19692898 0.08495699 0.06035111
  0.08520726 0.06911173 0.08925383 0.06333308]
 [0.06964203 0.06544648 0.12960887 0.06680709 0.18700394 0.05687482
  0.12678328 0.06779034 0.08540613 0.05463697]
 [0.06210912 0.06173352 0.07135919 0.0541221  0.05250088 0.27869278
  0.05955023 0.09001091 0.08552786 0.07439347]
 [0.08489364 0.06085403 0.09759448 0.05531218 0.09158911 0.05024405
  0.1569942  0.06021691 0.07372894 0.04857248]
 [0.05114387 0.05576653 0.06154688 0.04902994 0.04567117 0.09653178
  0.04750168 0.24868166 0.07440414 0.07972232]
 [0.04591694 0.04515963 0.0623439  0.03963611 0.04511653 0.05136378
  0.0559441  0.05199987 0.24050952 0.04200963]
 [0.03456015 0.03750649 0.04088518 0.02742313 0.02834029 0.05178776
  0.02940752 0.05262955 0.04228251 0.21517748]]"
